Age,EnvironmentSatisfaction,JobInvolvement,JobLevel,JobSatisfaction,MonthlyIncome,TotalWorkingYears,YearsInCurrentRole,YearsAtCompany,BusinessTravel_Non-Travel,EducationField_Technical Degree,JobRole_Healthcare Representative,JobRole_Laboratory Technician,JobRole_Research Director,JobRole_Sales Representative,MaritalStatus_Divorced,MaritalStatus_Single,Overtime,Attrition
50,4,3,4,4,0.8642691415313225,32,4,5,0.0,0.0,0.0,0.0,1.0,0.0,1.0,0.0,0.0,0.0
36,2,3,2,2,0.20734022358152288,7,2,3,0.0,0.0,0.0,0.0,0.0,0.0,1.0,0.0,0.0,0.0
21,2,3,1,2,0.088061590381776,1,0,1,0.0,0.0,0.0,0.0,0.0,1.0,0.0,1.0,0.0,1.0
52,2,3,3,2,0.49757435140265766,18,6,8,0.0,0.0,1.0,0.0,0.0,0.0,0.0,1.0,0.0,0.0
33,2,3,3,3,0.6644695211980595,15,6,7,0.0,0.0,0.0,0.0,0.0,0.0,0.0,0.0,1.0,1.0
47,3,2,3,2,0.49166842438304154,28,11,22,0.0,0.0,0.0,0.0,0.0,0.0,1.0,0.0,1.0,0.0
22,4,2,2,4,0.19858679603459187,4,2,2,0.0,0.0,0.0,0.0,0.0,0.0,0.0,0.0,0.0,0.0
33,3,3,2,4,0.22985657034380932,7,5,6,1.0,0.0,0.0,0.0,0.0,0.0,1.0,0.0,1.0,0.0
40,3,2,3,4,0.5191942628137524,15,11,12,0.0,0.0,0.0,0.0,0.0,0.0,0.0,0.0,0.0,0.0
27,4,1,2,4,0.2141953174435773,8,2,6,0.0,0.0,0.0,0.0,0.0,0.0,0.0,1.0,0.0,0.0
40,1,3,1,4,0.07366589327146171,8,0,1,0.0,0.0,0.0,1.0,0.0,0.0,0.0,0.0,0.0,0.0
55,4,3,3,2,0.5255747732545877,23,2,3,0.0,0.0,0.0,0.0,0.0,0.0,0.0,0.0,0.0,0.0
33,1,2,1,2,0.06876186458553048,5,2,2,0.0,0.0,0.0,0.0,0.0,0.0,0.0,1.0,1.0,1.0
37,1,2,3,3,0.5062223159670955,17,1,14,0.0,0.0,0.0,0.0,0.0,0.0,0.0,0.0,0.0,1.0
46,4,2,5,2,0.9375659143640582,26,4,11,0.0,0.0,0.0,0.0,0.0,0.0,0.0,0.0,0.0,0.0
38,3,3,2,2,0.4701012444631934,10,8,9,0.0,0.0,0.0,0.0,0.0,0.0,0.0,0.0,0.0,0.0
30,1,2,2,4,0.19078253533009915,10,2,9,0.0,1.0,0.0,1.0,0.0,0.0,0.0,0.0,0.0,0.0
36,4,1,2,4,0.23186036701117907,15,12,15,1.0,0.0,0.0,0.0,0.0,0.0,1.0,0.0,0.0,0.0
40,2,3,5,2,0.9926175912254799,21,8,21,0.0,0.0,0.0,0.0,0.0,0.0,0.0,1.0,0.0,0.0
53,3,3,4,3,0.7299620333263025,22,13,17,0.0,0.0,0.0,0.0,0.0,0.0,1.0,0.0,0.0,0.0
32,4,3,2,2,0.2352351824509597,10,5,9,0.0,0.0,0.0,0.0,0.0,0.0,1.0,0.0,0.0,0.0
55,4,3,2,3,0.15956549251212823,4,2,3,0.0,0.0,1.0,0.0,0.0,0.0,0.0,0.0,1.0,0.0
30,3,1,2,4,0.2679814385150812,11,4,5,0.0,0.0,0.0,0.0,0.0,0.0,0.0,1.0,0.0,0.0
23,3,4,1,1,0.031217042817970893,1,0,0,0.0,0.0,0.0,1.0,0.0,0.0,0.0,0.0,1.0,1.0
51,2,2,2,3,0.2701434296561907,10,0,1,0.0,0.0,0.0,0.0,0.0,0.0,0.0,0.0,0.0,0.0
42,4,2,2,4,0.2664522252689306,8,3,4,0.0,0.0,0.0,0.0,0.0,0.0,0.0,0.0,1.0,0.0
20,4,3,1,3,0.0,1,0,1,0.0,0.0,0.0,0.0,0.0,0.0,0.0,1.0,1.0,1.0
29,2,1,1,4,0.06111579835477747,6,4,5,0.0,0.0,0.0,0.0,0.0,0.0,0.0,0.0,1.0,0.0
43,1,2,4,2,0.702752583843071,25,10,25,0.0,0.0,0.0,0.0,1.0,0.0,1.0,0.0,0.0,0.0
40,3,2,2,4,0.1799725796245518,16,1,1,0.0,0.0,0.0,0.0,0.0,0.0,0.0,0.0,1.0,0.0
29,2,3,1,4,0.11189622442522675,10,8,10,0.0,0.0,0.0,1.0,0.0,0.0,0.0,0.0,0.0,0.0
44,3,3,1,2,0.07029107783168108,6,3,5,0.0,0.0,0.0,0.0,0.0,0.0,1.0,0.0,1.0,1.0
47,1,3,4,3,0.8521408985446108,26,17,20,0.0,0.0,0.0,0.0,1.0,0.0,0.0,0.0,0.0,0.0
32,1,3,2,4,0.22674541236026155,10,8,10,0.0,0.0,0.0,1.0,0.0,0.0,0.0,0.0,0.0,0.0
38,3,3,1,1,0.08489770090698165,8,0,0,0.0,0.0,0.0,0.0,0.0,0.0,0.0,1.0,0.0,0.0
58,4,1,2,3,0.24525416578780848,12,3,5,1.0,0.0,1.0,0.0,0.0,0.0,1.0,0.0,1.0,0.0
45,2,3,3,4,0.441415313225058,10,1,3,0.0,1.0,0.0,0.0,0.0,0.0,0.0,0.0,1.0,0.0
56,3,3,4,4,0.5322716726429023,30,7,10,0.0,0.0,1.0,0.0,0.0,0.0,0.0,0.0,0.0,0.0
37,3,1,2,4,0.449061379455811,6,3,6,0.0,0.0,0.0,0.0,0.0,0.0,1.0,0.0,0.0,0.0
39,1,4,3,3,0.3623180763551993,9,7,8,0.0,0.0,0.0,0.0,0.0,0.0,0.0,1.0,0.0,0.0
54,3,2,3,3,0.5102826407930816,13,4,9,0.0,0.0,0.0,0.0,0.0,0.0,0.0,0.0,0.0,0.0
32,4,3,1,3,0.15903817759966252,10,7,8,1.0,0.0,0.0,1.0,0.0,0.0,0.0,1.0,0.0,0.0
48,1,3,3,3,0.6061484918793504,15,0,0,0.0,0.0,0.0,0.0,0.0,0.0,0.0,0.0,0.0,0.0
33,3,4,2,2,0.23618434929339802,6,5,6,0.0,0.0,1.0,0.0,0.0,0.0,0.0,0.0,1.0,0.0
31,2,1,2,3,0.27225268930605356,12,7,7,0.0,0.0,0.0,0.0,0.0,0.0,0.0,0.0,1.0,1.0
46,2,3,3,1,0.4979962033326302,24,13,24,0.0,0.0,0.0,0.0,0.0,0.0,1.0,0.0,0.0,0.0
38,4,3,2,4,0.24973634254376714,10,2,2,0.0,0.0,1.0,0.0,0.0,0.0,1.0,0.0,0.0,0.0
38,4,3,2,2,0.18092174646699008,16,13,15,0.0,0.0,0.0,0.0,0.0,0.0,0.0,0.0,0.0,0.0
43,4,3,2,4,0.36057793714406244,10,9,10,0.0,0.0,0.0,0.0,0.0,0.0,0.0,0.0,1.0,0.0
37,2,3,1,4,0.06944737397173592,4,2,4,0.0,0.0,0.0,0.0,0.0,0.0,0.0,0.0,1.0,0.0
30,3,2,2,4,0.1657350769879772,11,10,11,0.0,0.0,1.0,0.0,0.0,0.0,0.0,0.0,0.0,0.0
39,3,2,4,2,0.8497152499472685,21,9,19,0.0,0.0,0.0,0.0,0.0,0.0,1.0,0.0,1.0,0.0
43,1,2,5,3,0.9693630035857415,21,12,16,0.0,0.0,0.0,0.0,0.0,0.0,0.0,0.0,0.0,0.0
27,4,2,2,1,0.30594811221261337,9,6,7,0.0,0.0,1.0,0.0,0.0,0.0,0.0,1.0,0.0,0.0
42,3,2,2,3,0.27604935667580677,10,4,5,0.0,0.0,0.0,0.0,0.0,0.0,0.0,1.0,0.0,0.0
31,1,4,1,3,0.1565597975110736,4,2,2,0.0,0.0,0.0,1.0,0.0,0.0,1.0,0.0,0.0,0.0
39,4,3,1,1,0.07356043028896857,8,2,2,0.0,0.0,0.0,1.0,0.0,0.0,0.0,0.0,1.0,1.0
29,4,2,4,4,0.7970364901919427,9,7,7,0.0,0.0,0.0,0.0,1.0,0.0,1.0,0.0,0.0,0.0
49,3,3,5,1,0.9310272094494833,22,2,3,0.0,0.0,0.0,0.0,1.0,0.0,0.0,1.0,1.0,0.0
38,1,2,1,1,0.09750052731491246,20,0,1,0.0,0.0,0.0,0.0,0.0,1.0,0.0,1.0,0.0,0.0
42,1,3,4,4,0.790075933347395,16,0,1,0.0,0.0,0.0,0.0,1.0,0.0,0.0,1.0,0.0,0.0
34,4,3,3,3,0.4017612318076355,9,7,8,0.0,0.0,0.0,0.0,0.0,0.0,1.0,0.0,0.0,0.0
36,3,3,2,4,0.29408352668213456,17,8,16,0.0,0.0,1.0,0.0,0.0,0.0,0.0,0.0,1.0,0.0
27,3,3,2,4,0.175754060324826,5,2,4,0.0,0.0,0.0,0.0,0.0,0.0,0.0,0.0,0.0,0.0
40,3,1,3,1,0.5232545876397384,20,0,1,1.0,0.0,0.0,0.0,0.0,0.0,1.0,0.0,0.0,0.0
34,4,2,3,3,0.3202910778316811,10,9,10,0.0,1.0,0.0,0.0,0.0,0.0,0.0,0.0,1.0,0.0
43,3,3,3,1,0.4733178654292343,10,0,1,0.0,0.0,1.0,0.0,0.0,0.0,0.0,0.0,0.0,0.0
31,1,3,3,4,0.5159249103564649,13,7,13,0.0,0.0,0.0,0.0,0.0,0.0,1.0,0.0,0.0,0.0
41,4,3,1,4,0.09349293398017296,12,3,5,0.0,0.0,0.0,0.0,0.0,0.0,0.0,0.0,0.0,0.0
31,4,1,2,1,0.21060957603881036,10,8,10,0.0,0.0,0.0,0.0,0.0,0.0,0.0,0.0,0.0,0.0
45,2,3,2,3,0.23149124657245307,12,2,4,0.0,0.0,1.0,0.0,0.0,0.0,0.0,1.0,0.0,0.0
33,2,2,2,4,0.19368276734866063,9,7,7,0.0,0.0,0.0,0.0,0.0,0.0,0.0,1.0,0.0,0.0
36,3,4,2,4,0.08236658932714618,17,2,5,0.0,0.0,0.0,1.0,0.0,0.0,0.0,0.0,0.0,0.0
33,2,4,1,2,0.05373338958025733,14,11,14,0.0,0.0,0.0,1.0,0.0,0.0,0.0,0.0,0.0,0.0
31,1,3,1,3,0.1002952963509808,5,2,5,0.0,0.0,0.0,0.0,0.0,0.0,1.0,0.0,0.0,0.0
19,3,1,1,1,0.06939464248048935,1,0,0,0.0,1.0,0.0,0.0,0.0,1.0,0.0,1.0,0.0,1.0
32,2,4,1,2,0.09412571187513183,5,1,5,0.0,0.0,0.0,1.0,0.0,0.0,0.0,0.0,0.0,0.0
36,1,3,2,4,0.3569921957392955,18,9,11,1.0,0.0,0.0,0.0,0.0,0.0,0.0,1.0,0.0,0.0
37,3,3,2,2,0.16146382619700486,19,0,10,0.0,0.0,0.0,0.0,0.0,0.0,1.0,0.0,0.0,0.0
29,2,2,1,1,0.06907825353300992,1,0,1,0.0,0.0,0.0,1.0,0.0,0.0,0.0,0.0,1.0,1.0
29,3,3,1,4,0.07936089432609154,11,5,7,0.0,0.0,0.0,0.0,0.0,0.0,1.0,0.0,0.0,0.0
41,2,1,5,3,1.0,21,16,21,1.0,0.0,0.0,0.0,1.0,0.0,0.0,0.0,0.0,0.0
30,3,3,2,4,0.28148070027420374,12,9,11,0.0,0.0,0.0,0.0,0.0,0.0,0.0,0.0,1.0,0.0
39,3,3,3,3,0.6567707234760599,9,3,4,0.0,0.0,0.0,0.0,1.0,0.0,0.0,1.0,0.0,0.0
22,3,3,1,1,0.07324404134148914,1,0,1,0.0,0.0,0.0,1.0,0.0,0.0,0.0,0.0,1.0,1.0
31,3,1,2,3,0.1759122547985657,6,4,5,1.0,0.0,0.0,0.0,0.0,0.0,0.0,0.0,0.0,0.0
45,4,3,4,4,0.8775047458342122,26,3,9,0.0,0.0,0.0,0.0,0.0,0.0,0.0,0.0,0.0,0.0
42,1,3,2,3,0.18703859945159249,19,4,5,0.0,0.0,0.0,0.0,0.0,0.0,1.0,0.0,0.0,0.0
31,3,2,3,3,0.41837165155030587,10,9,10,0.0,0.0,0.0,0.0,0.0,0.0,0.0,0.0,0.0,0.0
51,4,1,2,2,0.2358679603459186,13,1,4,0.0,0.0,0.0,0.0,0.0,0.0,1.0,0.0,0.0,0.0
34,4,2,2,1,0.228538283062645,14,9,13,0.0,0.0,1.0,0.0,0.0,0.0,0.0,1.0,0.0,0.0
33,4,3,4,3,0.8666420586374183,10,8,10,1.0,0.0,0.0,0.0,0.0,0.0,0.0,1.0,0.0,0.0
40,2,3,2,2,0.24615060113900022,15,8,11,0.0,0.0,0.0,0.0,0.0,0.0,0.0,0.0,0.0,0.0
33,4,4,3,3,0.38868382197848556,10,8,9,0.0,0.0,0.0,0.0,0.0,0.0,1.0,0.0,1.0,0.0
34,2,3,2,3,0.2481016663151234,6,5,6,0.0,0.0,0.0,0.0,0.0,0.0,0.0,0.0,0.0,0.0
34,2,3,1,4,0.08869436827673487,10,9,10,0.0,0.0,0.0,0.0,0.0,0.0,0.0,0.0,0.0,0.0
30,2,4,3,1,0.5487766294030795,9,7,8,0.0,0.0,0.0,0.0,1.0,0.0,0.0,0.0,1.0,0.0
45,4,3,2,1,0.13836743303100613,9,8,9,1.0,0.0,0.0,1.0,0.0,0.0,0.0,0.0,1.0,0.0
37,1,3,3,2,0.41262391900442946,9,5,9,1.0,0.0,0.0,0.0,0.0,0.0,1.0,0.0,0.0,0.0
31,4,3,2,4,0.3447584897700907,13,7,7,0.0,0.0,0.0,0.0,0.0,0.0,1.0,0.0,0.0,0.0
32,4,3,1,4,0.10857414047669268,8,7,7,0.0,0.0,0.0,1.0,0.0,0.0,0.0,1.0,0.0,0.0
30,1,3,1,3,0.05921746466990086,7,2,5,0.0,0.0,0.0,0.0,0.0,0.0,0.0,0.0,1.0,1.0
33,3,4,2,1,0.2302784222737819,10,3,5,0.0,0.0,0.0,0.0,0.0,0.0,0.0,0.0,0.0,0.0
38,3,3,3,3,0.36131617802151444,10,0,1,0.0,0.0,0.0,0.0,0.0,0.0,0.0,1.0,1.0,0.0
41,3,3,2,1,0.10878506644167897,17,0,1,0.0,0.0,0.0,0.0,0.0,0.0,1.0,0.0,0.0,0.0
51,1,1,3,4,0.508384307108205,18,2,4,0.0,0.0,0.0,0.0,0.0,0.0,0.0,1.0,0.0,1.0
38,1,2,2,1,0.27836954229065597,13,3,4,0.0,0.0,1.0,0.0,0.0,0.0,1.0,0.0,0.0,0.0
27,2,2,2,3,0.13346340434507487,9,8,9,0.0,0.0,0.0,0.0,0.0,1.0,0.0,0.0,0.0,0.0
53,4,3,4,4,0.6995359628770301,33,9,12,0.0,0.0,0.0,0.0,1.0,0.0,0.0,1.0,0.0,0.0
30,4,3,2,3,0.22632356043028898,4,1,2,0.0,0.0,0.0,0.0,0.0,0.0,0.0,0.0,0.0,0.0
30,2,3,1,4,0.0037966673697532164,1,0,1,0.0,0.0,0.0,0.0,0.0,1.0,0.0,1.0,0.0,1.0
30,4,1,1,3,0.1489137312803206,7,2,2,0.0,0.0,0.0,1.0,0.0,0.0,0.0,0.0,0.0,0.0
58,4,3,5,1,0.9856570343809323,32,8,9,0.0,0.0,0.0,0.0,1.0,0.0,0.0,0.0,1.0,0.0
34,2,4,2,4,0.4596076777051255,16,1,15,0.0,0.0,0.0,0.0,0.0,0.0,1.0,0.0,0.0,0.0
51,3,3,2,4,0.20707656612529002,18,7,7,0.0,0.0,0.0,0.0,0.0,0.0,0.0,0.0,0.0,0.0
39,3,3,4,1,0.8468150179287071,21,9,21,0.0,0.0,0.0,0.0,0.0,0.0,0.0,0.0,1.0,0.0
36,2,3,3,4,0.47305420797300146,10,3,10,1.0,0.0,0.0,0.0,0.0,0.0,0.0,1.0,0.0,0.0
32,3,2,2,2,0.22247416156928917,13,12,13,0.0,1.0,0.0,0.0,0.0,0.0,0.0,0.0,1.0,0.0
56,1,3,1,3,0.10192997257962455,18,4,5,0.0,0.0,0.0,0.0,0.0,0.0,0.0,0.0,0.0,0.0
57,2,4,2,3,0.20517823244041342,13,9,12,0.0,0.0,0.0,0.0,0.0,0.0,0.0,0.0,0.0,0.0
57,1,2,4,4,0.6912571187513182,32,0,1,0.0,0.0,0.0,0.0,0.0,0.0,1.0,0.0,0.0,0.0
40,4,2,1,4,0.07029107783168108,5,2,4,0.0,0.0,0.0,0.0,0.0,0.0,0.0,1.0,1.0,0.0
23,4,3,1,1,0.04118329466357309,1,0,1,0.0,0.0,0.0,0.0,0.0,1.0,0.0,0.0,0.0,1.0
53,2,4,3,4,0.3161780215144484,11,3,4,0.0,0.0,1.0,0.0,0.0,0.0,0.0,0.0,0.0,0.0
38,4,2,1,2,0.07545876397384518,4,3,4,0.0,0.0,0.0,1.0,0.0,0.0,0.0,1.0,0.0,0.0
36,3,3,1,2,0.05979751107361316,8,2,5,0.0,0.0,0.0,0.0,0.0,0.0,0.0,0.0,0.0,0.0
29,2,3,3,4,0.3643218730225691,11,10,11,0.0,0.0,0.0,0.0,0.0,0.0,0.0,0.0,0.0,0.0
38,2,1,3,3,0.6431659987344442,20,16,18,0.0,0.0,0.0,0.0,1.0,0.0,0.0,0.0,0.0,0.0
47,1,3,3,3,0.40202488926386837,25,14,17,0.0,0.0,1.0,0.0,0.0,0.0,0.0,1.0,0.0,0.0
32,4,3,2,3,0.20428179708922167,10,4,10,0.0,0.0,0.0,1.0,0.0,0.0,0.0,0.0,0.0,1.0
36,2,2,2,2,0.2894958869436828,6,5,6,0.0,0.0,0.0,0.0,0.0,0.0,0.0,1.0,0.0,0.0
49,1,2,2,1,0.1726956338325248,20,3,4,0.0,0.0,0.0,1.0,0.0,0.0,0.0,1.0,0.0,1.0
34,3,2,1,1,0.1778105884834423,6,5,6,0.0,0.0,0.0,0.0,0.0,0.0,0.0,1.0,0.0,0.0
39,1,3,2,3,0.18587850664416788,9,7,8,0.0,0.0,0.0,0.0,0.0,0.0,0.0,1.0,0.0,0.0
30,3,2,3,3,0.3936405821556634,12,8,11,1.0,0.0,0.0,0.0,0.0,0.0,0.0,1.0,0.0,0.0
51,2,3,3,2,0.5055368065808901,14,2,4,0.0,0.0,0.0,0.0,0.0,0.0,0.0,0.0,0.0,0.0
60,1,3,2,1,0.2318076355199325,10,2,2,0.0,0.0,0.0,0.0,0.0,0.0,0.0,1.0,0.0,0.0
50,2,3,2,3,0.3015713984391479,12,3,6,0.0,0.0,0.0,0.0,0.0,0.0,1.0,0.0,0.0,1.0
45,4,3,1,4,0.05921746466990086,8,4,5,0.0,1.0,0.0,0.0,0.0,0.0,0.0,0.0,0.0,0.0
56,4,1,3,4,0.3296245517823244,37,4,6,0.0,0.0,0.0,0.0,0.0,0.0,0.0,1.0,0.0,0.0
46,4,3,3,4,0.3991246572453069,12,8,9,0.0,0.0,0.0,0.0,0.0,0.0,1.0,0.0,0.0,0.0
42,2,3,1,2,0.0926492301202278,7,3,5,0.0,0.0,0.0,1.0,0.0,0.0,1.0,0.0,0.0,0.0
60,3,1,3,4,0.5206707445686564,19,0,1,0.0,0.0,1.0,0.0,0.0,0.0,1.0,0.0,0.0,0.0
53,3,2,3,4,0.48302045981860364,34,7,33,0.0,1.0,0.0,0.0,0.0,0.0,0.0,0.0,0.0,1.0
39,1,3,2,1,0.2184138367433031,10,0,10,0.0,0.0,0.0,0.0,0.0,0.0,0.0,0.0,0.0,0.0
48,4,2,5,2,0.9837587006960556,29,10,22,0.0,0.0,0.0,0.0,1.0,0.0,0.0,0.0,0.0,0.0
37,3,3,2,4,0.2896540814174225,7,4,5,0.0,0.0,0.0,0.0,0.0,0.0,0.0,0.0,0.0,0.0
41,4,3,2,4,0.23507698797722,12,2,6,0.0,0.0,0.0,0.0,0.0,0.0,1.0,0.0,1.0,0.0
21,1,3,1,4,0.08442311748576249,3,2,3,1.0,0.0,0.0,0.0,0.0,1.0,0.0,1.0,0.0,0.0
32,2,3,2,4,0.1789706812908669,8,2,5,0.0,0.0,0.0,0.0,0.0,0.0,1.0,0.0,0.0,0.0
37,4,2,1,3,0.057002742037544823,7,0,0,0.0,0.0,0.0,1.0,0.0,0.0,0.0,1.0,1.0,1.0
45,1,3,3,1,0.2215249947268509,24,9,24,0.0,0.0,0.0,1.0,0.0,0.0,1.0,0.0,0.0,0.0
41,4,3,3,4,0.6634676228643746,16,0,1,0.0,0.0,0.0,0.0,0.0,0.0,0.0,1.0,1.0,0.0
42,2,4,2,2,0.07187302256907825,18,0,1,0.0,0.0,0.0,0.0,0.0,0.0,0.0,0.0,1.0,0.0
42,3,3,2,2,0.30668635309006537,10,7,9,0.0,0.0,0.0,0.0,0.0,0.0,0.0,0.0,0.0,0.0
24,4,3,1,2,0.05399704703649019,1,0,1,1.0,0.0,0.0,0.0,0.0,1.0,0.0,0.0,0.0,0.0
33,1,3,2,1,0.38045770934402023,6,2,5,0.0,0.0,0.0,0.0,0.0,0.0,0.0,1.0,1.0,1.0
43,4,3,2,4,0.2400864796456444,12,2,5,0.0,0.0,1.0,0.0,0.0,0.0,0.0,0.0,0.0,0.0
38,3,3,1,3,0.08832524783800885,3,1,2,0.0,0.0,0.0,0.0,0.0,0.0,0.0,0.0,0.0,0.0
33,4,3,2,3,0.28364269141531323,14,0,0,0.0,0.0,1.0,0.0,0.0,0.0,0.0,1.0,1.0,0.0
53,1,2,3,4,0.5233600506222316,35,2,5,0.0,0.0,0.0,0.0,0.0,0.0,0.0,0.0,1.0,0.0
43,3,3,3,1,0.5173486606201223,18,7,8,0.0,0.0,0.0,0.0,0.0,0.0,0.0,0.0,0.0,0.0
42,4,2,1,1,0.08352668213457076,10,6,9,0.0,0.0,0.0,1.0,0.0,0.0,1.0,0.0,1.0,0.0
29,2,1,1,1,0.058531955283695425,7,7,7,0.0,0.0,0.0,1.0,0.0,0.0,0.0,0.0,1.0,1.0
29,2,3,2,3,0.1753849398861,11,7,8,0.0,0.0,1.0,0.0,0.0,0.0,0.0,0.0,0.0,0.0
37,2,3,1,2,0.10614849187935035,8,0,1,0.0,0.0,0.0,0.0,0.0,0.0,0.0,0.0,0.0,0.0
50,1,3,5,2,0.905030584264923,28,3,8,0.0,0.0,0.0,0.0,1.0,0.0,0.0,0.0,1.0,0.0
29,4,3,2,3,0.19194262813752372,4,3,4,1.0,0.0,0.0,0.0,0.0,0.0,0.0,0.0,0.0,0.0
33,1,3,3,4,0.6564543345285805,15,14,15,0.0,0.0,0.0,0.0,1.0,0.0,0.0,1.0,1.0,0.0
55,3,2,4,1,0.8303627926597764,31,7,9,1.0,0.0,0.0,0.0,0.0,0.0,0.0,1.0,0.0,0.0
51,2,2,3,2,0.6054102510018984,16,9,10,0.0,0.0,0.0,0.0,1.0,0.0,0.0,0.0,0.0,0.0
30,1,1,1,3,0.08458131195950222,10,7,10,0.0,0.0,0.0,0.0,0.0,0.0,1.0,0.0,0.0,0.0
49,1,2,5,3,0.9334528580468255,23,0,1,0.0,0.0,0.0,0.0,0.0,0.0,0.0,0.0,0.0,0.0
47,3,4,2,3,0.21398439147859102,20,10,19,0.0,0.0,0.0,0.0,0.0,0.0,1.0,0.0,1.0,0.0
31,3,3,1,2,0.0786753849398861,1,1,1,0.0,0.0,0.0,0.0,0.0,0.0,0.0,1.0,0.0,0.0
47,2,3,1,3,0.05779371440624341,7,2,2,0.0,0.0,0.0,1.0,0.0,0.0,0.0,1.0,0.0,0.0
58,1,3,1,3,0.07187302256907825,2,2,2,0.0,0.0,0.0,0.0,0.0,0.0,1.0,0.0,0.0,0.0
41,2,3,5,3,0.977430921746467,23,15,22,0.0,1.0,0.0,0.0,1.0,0.0,0.0,0.0,0.0,1.0
29,4,2,1,1,0.14638261970048513,5,4,5,0.0,0.0,0.0,0.0,0.0,0.0,0.0,1.0,0.0,0.0
50,4,4,1,3,0.11664205863741826,20,8,20,0.0,0.0,0.0,1.0,0.0,0.0,0.0,0.0,1.0,0.0
32,3,2,1,2,0.09639316599873445,6,2,6,0.0,0.0,0.0,1.0,0.0,0.0,0.0,1.0,0.0,0.0
44,2,3,5,4,0.951276102088167,23,7,22,0.0,0.0,0.0,0.0,1.0,0.0,1.0,0.0,1.0,0.0
38,3,4,1,3,0.09676228643746045,7,6,7,0.0,0.0,0.0,0.0,0.0,0.0,0.0,0.0,0.0,0.0
45,2,2,1,3,0.06670533642691415,1,0,1,0.0,0.0,0.0,0.0,0.0,0.0,0.0,1.0,0.0,0.0
46,1,3,3,3,0.5018983336848766,28,2,2,0.0,0.0,1.0,0.0,0.0,0.0,0.0,0.0,0.0,0.0
34,4,4,1,4,0.10140265766715882,6,0,5,0.0,0.0,0.0,0.0,0.0,0.0,0.0,0.0,1.0,0.0
55,3,3,2,2,0.2834844969415735,17,7,8,0.0,0.0,1.0,0.0,0.0,0.0,0.0,0.0,1.0,0.0
19,2,4,1,4,0.10467201012444632,1,0,1,0.0,0.0,0.0,0.0,0.0,0.0,0.0,1.0,1.0,0.0
32,1,3,2,4,0.27172537439358785,9,8,9,0.0,0.0,0.0,0.0,0.0,0.0,0.0,0.0,1.0,0.0
40,3,3,2,3,0.1564016030373339,11,7,8,1.0,0.0,0.0,1.0,0.0,0.0,1.0,0.0,0.0,0.0
30,3,2,2,2,0.22147226323560432,11,8,11,0.0,0.0,0.0,0.0,0.0,0.0,1.0,0.0,1.0,0.0
48,4,3,1,3,0.06591436405821556,13,0,0,0.0,0.0,0.0,0.0,0.0,0.0,0.0,0.0,0.0,0.0
45,1,2,4,4,0.832261126344653,22,8,20,1.0,0.0,0.0,0.0,0.0,0.0,0.0,0.0,0.0,0.0
29,2,1,1,4,0.09022358152288547,10,7,10,0.0,0.0,0.0,0.0,0.0,0.0,1.0,0.0,0.0,0.0
46,4,2,2,1,0.19014975743514026,19,13,16,0.0,0.0,0.0,0.0,0.0,0.0,1.0,0.0,1.0,0.0
41,4,3,2,3,0.21060957603881036,8,2,2,0.0,0.0,0.0,0.0,0.0,0.0,0.0,1.0,0.0,0.0
41,2,3,1,2,0.1123708078464459,4,3,4,0.0,0.0,0.0,0.0,0.0,1.0,0.0,1.0,1.0,1.0
52,4,4,4,3,0.6453279898755537,24,3,5,0.0,0.0,0.0,0.0,0.0,0.0,0.0,0.0,1.0,0.0
51,1,2,3,1,0.34143640582155665,23,12,13,0.0,0.0,1.0,0.0,0.0,0.0,0.0,1.0,0.0,0.0
36,3,3,1,4,0.08621598818814596,7,2,3,0.0,0.0,0.0,0.0,0.0,1.0,0.0,1.0,1.0,0.0
38,2,3,2,1,0.2986711664205864,17,0,1,0.0,0.0,1.0,0.0,0.0,0.0,0.0,0.0,1.0,1.0
31,4,3,2,1,0.22795823665893272,10,2,5,0.0,0.0,0.0,0.0,0.0,0.0,0.0,1.0,0.0,0.0
44,2,3,2,1,0.23439147859101456,9,3,4,0.0,0.0,0.0,0.0,0.0,0.0,1.0,0.0,1.0,0.0
30,3,3,2,4,0.2264817549040287,10,7,8,0.0,0.0,0.0,0.0,0.0,0.0,1.0,0.0,0.0,0.0
31,4,3,1,2,0.06818181818181818,3,2,3,0.0,0.0,0.0,0.0,0.0,1.0,0.0,1.0,1.0,1.0
27,4,3,1,3,0.07303311537650285,8,2,8,0.0,0.0,0.0,0.0,0.0,0.0,0.0,1.0,1.0,1.0
24,4,2,2,3,0.17759966251845602,5,2,4,0.0,0.0,0.0,0.0,0.0,0.0,1.0,0.0,0.0,0.0
50,3,2,1,3,0.14137312803206076,5,2,3,0.0,0.0,0.0,1.0,0.0,0.0,0.0,0.0,0.0,0.0
39,4,2,2,3,0.25801518666947904,17,11,15,0.0,0.0,0.0,0.0,0.0,0.0,0.0,0.0,0.0,0.0
30,3,3,2,3,0.19436827673486606,10,4,8,1.0,0.0,0.0,0.0,0.0,0.0,0.0,1.0,1.0,0.0
30,4,2,2,4,0.2170955494621388,10,8,10,0.0,0.0,0.0,1.0,0.0,0.0,0.0,0.0,1.0,0.0
59,3,2,5,4,0.9404661463826197,30,2,3,1.0,0.0,0.0,0.0,0.0,0.0,0.0,0.0,0.0,0.0
36,1,4,3,1,0.5644378823033115,10,7,8,1.0,0.0,0.0,0.0,1.0,0.0,0.0,0.0,0.0,0.0
29,4,2,1,1,0.07356043028896857,3,0,0,0.0,0.0,0.0,0.0,0.0,0.0,0.0,1.0,1.0,1.0
30,2,2,1,1,0.05399704703649019,1,0,1,0.0,0.0,0.0,0.0,0.0,1.0,0.0,0.0,0.0,1.0
50,3,3,5,2,0.9975216199114111,21,4,5,0.0,0.0,0.0,0.0,0.0,0.0,0.0,1.0,0.0,0.0
37,3,2,1,1,0.1535013710187724,17,1,3,0.0,0.0,0.0,0.0,0.0,0.0,0.0,0.0,0.0,0.0
38,1,2,3,2,0.5827884412571187,19,8,10,0.0,0.0,0.0,0.0,1.0,0.0,0.0,0.0,0.0,0.0
41,4,3,2,4,0.27531111579835477,16,3,14,1.0,0.0,0.0,0.0,0.0,0.0,0.0,1.0,0.0,0.0
29,4,2,1,1,0.058004640371229696,1,0,1,0.0,1.0,0.0,0.0,0.0,0.0,1.0,0.0,0.0,0.0
45,4,3,2,4,0.14174224847078676,12,9,10,0.0,0.0,0.0,0.0,0.0,0.0,0.0,0.0,0.0,0.0
29,1,3,2,1,0.23012022780004218,6,3,5,0.0,0.0,1.0,0.0,0.0,0.0,0.0,0.0,0.0,0.0
42,4,3,4,1,0.8782957182029107,23,6,22,0.0,0.0,0.0,0.0,0.0,0.0,0.0,0.0,0.0,0.0
48,4,2,5,4,0.9099346129508542,25,0,1,0.0,0.0,0.0,0.0,1.0,0.0,0.0,1.0,0.0,0.0
20,4,2,1,4,0.10108626871967939,1,0,1,0.0,0.0,0.0,1.0,0.0,0.0,0.0,1.0,1.0,1.0
31,3,3,3,2,0.5082788441257119,13,8,13,0.0,0.0,0.0,0.0,0.0,0.0,1.0,0.0,0.0,0.0
41,3,1,2,2,0.2858574140476693,10,2,3,1.0,0.0,0.0,0.0,0.0,0.0,0.0,0.0,0.0,0.0
29,1,2,1,1,0.06992195739295508,4,2,2,0.0,0.0,0.0,0.0,0.0,0.0,1.0,0.0,1.0,1.0
42,2,3,2,1,0.2186247627082894,9,4,6,0.0,0.0,0.0,0.0,0.0,0.0,0.0,1.0,0.0,0.0
36,2,2,2,4,0.29756380510440833,8,3,6,0.0,0.0,0.0,0.0,0.0,0.0,0.0,0.0,0.0,0.0
32,1,1,2,2,0.3019405188778739,10,0,0,0.0,0.0,0.0,0.0,0.0,0.0,0.0,1.0,0.0,1.0
36,1,3,2,3,0.2287492090276313,10,2,3,0.0,0.0,1.0,0.0,0.0,0.0,0.0,0.0,0.0,0.0
42,2,3,1,1,0.08263024678337903,8,2,5,0.0,0.0,0.0,1.0,0.0,0.0,1.0,0.0,0.0,0.0
43,4,3,4,4,0.7938726007171483,22,13,17,0.0,0.0,0.0,0.0,0.0,0.0,0.0,0.0,1.0,0.0
36,3,3,2,4,0.18419109892427757,17,7,13,0.0,0.0,0.0,0.0,0.0,1.0,0.0,1.0,0.0,0.0
36,2,3,2,2,0.24599240666526048,11,8,9,1.0,0.0,0.0,1.0,0.0,0.0,0.0,0.0,0.0,0.0
36,2,3,3,4,0.46029318709133094,10,7,9,0.0,1.0,0.0,0.0,0.0,0.0,0.0,0.0,0.0,0.0
38,4,3,2,4,0.19647753638472895,19,11,13,0.0,0.0,0.0,0.0,0.0,0.0,0.0,0.0,0.0,0.0
33,3,2,1,1,0.09438936933136469,6,2,3,0.0,0.0,0.0,0.0,0.0,0.0,0.0,1.0,1.0,0.0
45,1,4,2,3,0.2860683400126556,9,2,3,0.0,0.0,0.0,0.0,0.0,0.0,0.0,0.0,0.0,0.0
27,1,4,2,3,0.28954861843492935,9,7,8,0.0,0.0,0.0,0.0,0.0,0.0,0.0,1.0,0.0,0.0
34,1,2,2,2,0.18930605357519512,16,9,15,0.0,0.0,0.0,0.0,0.0,0.0,0.0,1.0,1.0,1.0
29,3,3,1,2,0.08932714617169374,6,4,5,0.0,0.0,0.0,0.0,0.0,0.0,0.0,0.0,0.0,0.0
32,2,3,2,3,0.2109786964775364,12,8,11,0.0,0.0,0.0,0.0,0.0,0.0,0.0,1.0,0.0,0.0
44,4,3,4,1,0.8077937144062434,24,6,20,0.0,0.0,0.0,0.0,1.0,0.0,0.0,0.0,0.0,0.0
40,2,3,4,3,0.6448006749630879,22,6,20,0.0,0.0,0.0,0.0,0.0,0.0,0.0,1.0,0.0,0.0
55,1,3,4,2,0.8345285804682556,37,9,10,0.0,0.0,0.0,0.0,0.0,0.0,0.0,1.0,0.0,0.0
41,1,3,5,3,0.9707867538493988,21,16,18,0.0,0.0,0.0,0.0,1.0,0.0,1.0,0.0,0.0,0.0
43,1,1,2,3,0.22869647753638472,7,3,4,0.0,0.0,0.0,0.0,0.0,0.0,0.0,1.0,0.0,1.0
38,2,3,2,2,0.16816072558531955,8,2,3,0.0,0.0,0.0,0.0,0.0,0.0,0.0,1.0,0.0,0.0
29,2,1,1,2,0.09233284117274837,2,2,2,0.0,0.0,0.0,0.0,0.0,1.0,0.0,1.0,0.0,1.0
45,4,3,3,1,0.6452225268930606,17,0,0,0.0,0.0,0.0,0.0,1.0,0.0,0.0,0.0,1.0,0.0
34,1,3,2,2,0.17485762497363425,5,2,5,0.0,0.0,0.0,0.0,0.0,0.0,0.0,0.0,0.0,0.0
38,4,4,1,3,0.08442311748576249,4,2,4,0.0,0.0,0.0,0.0,0.0,0.0,1.0,0.0,0.0,0.0
55,1,3,3,4,0.48671166420586376,24,0,1,0.0,0.0,0.0,0.0,0.0,0.0,0.0,0.0,0.0,0.0
40,1,2,3,3,0.49704703649019194,18,15,18,0.0,0.0,0.0,0.0,0.0,0.0,0.0,0.0,0.0,0.0
20,4,3,1,1,0.09064543345285804,2,2,2,0.0,0.0,0.0,0.0,0.0,1.0,0.0,1.0,0.0,0.0
33,1,1,1,4,0.12650284750052732,8,3,4,0.0,0.0,0.0,1.0,0.0,0.0,1.0,0.0,0.0,1.0
31,4,3,1,4,0.0710293187091331,8,4,6,0.0,0.0,0.0,0.0,0.0,0.0,0.0,0.0,1.0,0.0
40,1,3,3,4,0.49108837797932925,14,10,11,0.0,1.0,1.0,0.0,0.0,0.0,0.0,0.0,0.0,0.0
50,4,3,4,1,0.8883674330310061,32,2,2,0.0,0.0,0.0,0.0,0.0,0.0,0.0,0.0,0.0,0.0
27,4,3,1,4,0.08284117274836532,6,2,4,0.0,0.0,0.0,0.0,0.0,0.0,0.0,1.0,0.0,0.0
36,4,3,3,1,0.3855726639949378,15,8,12,0.0,0.0,1.0,0.0,0.0,0.0,0.0,0.0,1.0,0.0
53,4,4,4,2,0.822031217042818,35,8,9,0.0,0.0,0.0,0.0,1.0,0.0,0.0,1.0,0.0,0.0
42,2,4,2,1,0.23882092385572665,10,0,0,0.0,0.0,1.0,0.0,0.0,0.0,0.0,0.0,0.0,0.0
37,3,2,2,4,0.21904661463826197,17,0,1,1.0,0.0,1.0,0.0,0.0,0.0,1.0,0.0,0.0,0.0
43,2,3,4,1,0.8516135836321451,22,1,4,0.0,0.0,0.0,0.0,1.0,0.0,0.0,0.0,0.0,0.0
23,4,3,1,3,0.011284539126766505,1,0,1,0.0,0.0,0.0,0.0,0.0,0.0,0.0,0.0,0.0,0.0
52,3,3,1,1,0.10235182450959714,12,4,5,0.0,0.0,0.0,1.0,0.0,0.0,0.0,0.0,0.0,0.0
29,1,3,1,4,0.14506433241932082,3,2,3,0.0,0.0,0.0,0.0,0.0,0.0,1.0,0.0,0.0,0.0
50,2,2,5,3,0.9349820712929762,29,3,27,0.0,0.0,0.0,0.0,1.0,0.0,1.0,0.0,1.0,0.0
42,2,3,2,3,0.20554735287913942,20,16,20,0.0,0.0,0.0,0.0,0.0,0.0,0.0,0.0,0.0,0.0
34,2,4,2,3,0.17902341278211348,6,3,4,0.0,0.0,0.0,1.0,0.0,0.0,0.0,0.0,0.0,0.0
32,3,3,1,2,0.1540814174224847,6,3,4,0.0,0.0,0.0,0.0,0.0,1.0,0.0,0.0,0.0,0.0
56,4,2,2,1,0.23048934823876818,6,0,0,0.0,0.0,0.0,0.0,0.0,0.0,0.0,0.0,0.0,0.0
27,4,3,1,2,0.14801729592912888,5,2,5,0.0,0.0,0.0,1.0,0.0,0.0,1.0,0.0,0.0,0.0
40,3,3,1,1,0.12486817127188357,7,3,4,0.0,0.0,0.0,1.0,0.0,0.0,0.0,0.0,0.0,0.0
37,1,3,3,3,0.4766399493777684,17,0,1,0.0,0.0,0.0,0.0,0.0,0.0,1.0,0.0,0.0,1.0
33,2,2,1,3,0.052678759755325884,1,1,1,1.0,0.0,0.0,1.0,0.0,0.0,1.0,0.0,0.0,0.0
36,3,3,2,3,0.22294874499050832,17,7,7,0.0,0.0,1.0,0.0,0.0,0.0,0.0,0.0,0.0,0.0
39,3,3,1,3,0.14480067496308796,8,3,8,0.0,0.0,0.0,1.0,0.0,0.0,0.0,0.0,0.0,0.0
36,1,3,2,4,0.21461716937354988,12,7,7,1.0,1.0,0.0,0.0,0.0,0.0,1.0,0.0,0.0,0.0
36,3,3,2,2,0.22247416156928917,10,7,9,0.0,0.0,0.0,0.0,0.0,0.0,0.0,0.0,0.0,0.0
37,3,3,2,2,0.16810799409407298,18,0,1,0.0,0.0,0.0,0.0,0.0,0.0,0.0,1.0,1.0,0.0
51,4,3,5,2,0.9933558321029319,31,10,29,0.0,0.0,0.0,0.0,0.0,0.0,1.0,0.0,1.0,0.0
49,1,3,4,2,0.8122758911622021,27,2,4,0.0,0.0,0.0,0.0,1.0,0.0,0.0,0.0,0.0,0.0
43,3,2,1,3,0.07530056950010547,6,0,1,0.0,1.0,0.0,0.0,0.0,0.0,0.0,0.0,1.0,1.0
33,4,3,2,2,0.1736448006749631,4,2,3,0.0,0.0,0.0,0.0,0.0,0.0,0.0,0.0,0.0,0.0
46,4,3,3,3,0.5186669479012866,13,7,8,0.0,0.0,0.0,0.0,0.0,0.0,1.0,0.0,0.0,0.0
56,1,3,1,4,0.08321029318709133,5,2,4,0.0,0.0,0.0,1.0,0.0,0.0,0.0,1.0,0.0,1.0
32,4,1,2,4,0.1929445264712086,9,7,8,0.0,0.0,0.0,0.0,0.0,0.0,1.0,0.0,0.0,0.0
30,2,2,2,1,0.4590276313014132,10,8,10,0.0,0.0,0.0,0.0,0.0,0.0,0.0,0.0,0.0,1.0
27,1,3,2,4,0.16968993883147016,4,2,3,0.0,0.0,0.0,0.0,0.0,0.0,0.0,0.0,0.0,0.0
42,3,3,3,1,0.6506538704914575,18,7,13,0.0,0.0,0.0,0.0,1.0,0.0,0.0,0.0,0.0,0.0
20,4,2,1,1,0.08389580257329678,1,0,1,0.0,0.0,0.0,0.0,0.0,0.0,0.0,1.0,1.0,1.0
50,4,3,1,2,0.15112845391267665,4,2,2,0.0,0.0,0.0,0.0,0.0,1.0,0.0,0.0,0.0,0.0
19,2,2,1,4,0.004904028685931238,1,0,1,0.0,0.0,0.0,1.0,0.0,0.0,0.0,1.0,0.0,1.0
31,1,3,1,3,0.10852140898544611,3,2,2,0.0,0.0,0.0,0.0,0.0,1.0,0.0,0.0,0.0,0.0
29,3,3,1,4,0.06053575195106518,3,1,3,0.0,1.0,0.0,0.0,0.0,1.0,0.0,0.0,0.0,0.0
42,4,3,1,3,0.15603248259860789,8,0,0,0.0,0.0,0.0,1.0,0.0,0.0,0.0,1.0,0.0,0.0
36,2,2,2,3,0.2459396751740139,10,9,10,0.0,1.0,0.0,0.0,0.0,0.0,0.0,0.0,1.0,0.0
42,3,3,4,1,0.6722737819025522,22,9,21,0.0,0.0,0.0,0.0,0.0,0.0,0.0,1.0,1.0,1.0
46,3,3,4,1,0.8457603881037756,28,15,26,0.0,0.0,0.0,0.0,0.0,0.0,0.0,0.0,0.0,0.0
39,2,2,4,4,0.5812064965197216,21,9,20,0.0,0.0,0.0,0.0,0.0,0.0,0.0,0.0,0.0,0.0
30,4,3,1,3,0.08879983125922801,1,0,1,0.0,0.0,0.0,1.0,0.0,0.0,1.0,0.0,0.0,0.0
36,1,2,2,4,0.25316388947479435,10,4,10,0.0,0.0,0.0,1.0,0.0,0.0,0.0,1.0,0.0,0.0
41,2,1,1,4,0.09328200801518667,10,7,7,0.0,0.0,0.0,1.0,0.0,0.0,1.0,0.0,1.0,1.0
22,2,2,1,3,0.09518034170006327,4,2,4,1.0,0.0,0.0,0.0,0.0,0.0,0.0,0.0,1.0,0.0
21,1,2,1,2,0.061432187302256906,3,2,3,0.0,1.0,0.0,0.0,0.0,1.0,0.0,1.0,1.0,1.0
41,2,4,1,3,0.124815439780637,10,6,10,0.0,1.0,0.0,0.0,0.0,0.0,0.0,0.0,0.0,0.0
45,2,1,3,1,0.5189833368487661,24,7,7,0.0,0.0,1.0,0.0,0.0,0.0,1.0,0.0,1.0,0.0
29,1,3,2,4,0.4136258173381143,6,4,6,0.0,0.0,1.0,0.0,0.0,0.0,1.0,0.0,0.0,0.0
51,3,3,1,4,0.09038177599662518,1,0,1,0.0,0.0,0.0,0.0,0.0,0.0,0.0,0.0,0.0,0.0
34,3,2,2,4,0.24984180552626029,16,10,15,0.0,0.0,0.0,0.0,0.0,0.0,0.0,0.0,1.0,0.0
40,4,3,1,1,0.053206074667791606,15,4,5,0.0,0.0,0.0,1.0,0.0,0.0,0.0,1.0,0.0,1.0
42,1,3,3,1,0.6423750263657456,20,0,1,0.0,0.0,0.0,0.0,1.0,0.0,0.0,0.0,1.0,0.0
39,4,4,3,3,0.38114321873022566,11,6,7,0.0,0.0,0.0,0.0,0.0,0.0,0.0,0.0,0.0,0.0
40,2,3,1,2,0.07266399493777684,7,2,4,0.0,0.0,0.0,1.0,0.0,0.0,0.0,0.0,0.0,0.0
45,1,3,3,2,0.339168951697954,10,8,10,0.0,1.0,1.0,0.0,0.0,0.0,1.0,0.0,0.0,0.0
40,3,3,1,3,0.052309639316599876,20,3,5,0.0,0.0,0.0,0.0,0.0,0.0,0.0,0.0,0.0,0.0
34,2,3,3,1,0.4714722632356043,11,2,3,0.0,0.0,0.0,0.0,0.0,0.0,1.0,0.0,1.0,1.0
32,3,3,3,4,0.5352246361527104,10,7,7,0.0,0.0,0.0,0.0,1.0,0.0,0.0,1.0,0.0,0.0
50,4,2,3,1,0.6464880826829783,19,11,14,0.0,0.0,0.0,0.0,1.0,0.0,1.0,0.0,0.0,0.0
37,1,3,1,4,0.09407298038388526,13,8,9,0.0,0.0,0.0,0.0,0.0,1.0,1.0,0.0,0.0,0.0
29,3,3,3,4,0.34507487871757014,9,7,8,0.0,0.0,1.0,0.0,0.0,0.0,0.0,1.0,1.0,1.0
31,1,3,3,1,0.4549673064754271,9,2,3,0.0,0.0,0.0,0.0,0.0,0.0,0.0,0.0,0.0,0.0
38,4,2,1,3,0.14200590592701962,5,4,5,0.0,0.0,0.0,1.0,0.0,0.0,0.0,0.0,0.0,0.0
27,4,3,2,3,0.47310693946424803,7,7,7,0.0,0.0,0.0,0.0,0.0,0.0,0.0,1.0,0.0,0.0
41,3,3,1,1,0.06480700274203754,7,0,5,0.0,0.0,0.0,1.0,0.0,0.0,0.0,0.0,0.0,0.0
40,3,2,5,3,0.9817021725374394,21,7,20,0.0,0.0,0.0,0.0,1.0,0.0,0.0,1.0,0.0,0.0
30,3,3,2,1,0.16378401181185404,8,3,4,0.0,0.0,0.0,0.0,0.0,0.0,1.0,0.0,0.0,0.0
30,3,3,2,3,0.13087956127399283,10,7,10,0.0,0.0,0.0,1.0,0.0,0.0,1.0,0.0,0.0,0.0
34,2,3,1,2,0.052678759755325884,1,0,1,0.0,0.0,0.0,1.0,0.0,0.0,1.0,0.0,0.0,0.0
40,4,3,2,1,0.191415313225058,5,4,5,0.0,0.0,0.0,0.0,0.0,0.0,0.0,0.0,0.0,0.0
29,4,3,1,2,0.06791816072558532,2,2,2,0.0,0.0,0.0,0.0,0.0,1.0,1.0,0.0,0.0,0.0
46,4,3,5,2,0.9529635098080573,25,2,4,0.0,0.0,0.0,0.0,1.0,0.0,0.0,0.0,0.0,0.0
41,3,3,3,3,0.37861210715039023,12,7,9,0.0,0.0,0.0,0.0,0.0,0.0,1.0,0.0,1.0,0.0
39,1,1,2,3,0.249261759122548,10,2,3,1.0,0.0,0.0,0.0,0.0,0.0,0.0,0.0,0.0,0.0
29,4,3,1,2,0.12033326302467834,8,5,7,0.0,0.0,0.0,0.0,0.0,0.0,1.0,0.0,0.0,0.0
52,4,3,4,4,0.8197637629192154,31,2,5,0.0,0.0,0.0,0.0,0.0,0.0,0.0,0.0,0.0,0.0
37,3,3,1,3,0.10477747310693947,8,4,6,0.0,0.0,0.0,0.0,0.0,0.0,0.0,0.0,1.0,0.0
44,3,3,1,4,0.11527103986500738,8,2,2,0.0,0.0,0.0,0.0,0.0,0.0,1.0,0.0,1.0,0.0
45,1,3,2,1,0.17280109681501793,5,1,1,0.0,0.0,0.0,0.0,0.0,0.0,0.0,0.0,0.0,1.0
47,2,3,2,3,0.10372284328200801,5,0,0,0.0,0.0,0.0,0.0,0.0,1.0,0.0,1.0,0.0,0.0
37,4,3,1,1,0.10678126977430921,18,7,18,0.0,0.0,0.0,1.0,0.0,0.0,1.0,0.0,0.0,0.0
41,2,3,2,4,0.2628137523729171,8,4,6,0.0,0.0,0.0,0.0,0.0,0.0,0.0,1.0,1.0,1.0
57,4,3,2,3,0.3029951487028053,15,2,3,0.0,0.0,1.0,0.0,0.0,0.0,0.0,0.0,0.0,0.0
18,3,3,1,3,0.04719468466568234,0,0,0,1.0,0.0,0.0,1.0,0.0,0.0,0.0,1.0,0.0,1.0
32,3,3,2,4,0.29835477747310696,9,1,5,1.0,0.0,1.0,0.0,0.0,0.0,1.0,0.0,0.0,0.0
33,1,3,3,1,0.3983864163678549,11,0,0,0.0,0.0,0.0,0.0,0.0,0.0,0.0,1.0,1.0,1.0
32,4,3,1,4,0.06881459607677705,4,0,3,1.0,0.0,0.0,1.0,0.0,0.0,1.0,0.0,0.0,0.0
39,1,2,1,1,0.13905294241721156,11,0,1,1.0,0.0,0.0,1.0,0.0,0.0,0.0,1.0,1.0,1.0
58,3,2,3,1,0.4745306897279055,31,9,10,0.0,0.0,0.0,0.0,0.0,0.0,0.0,0.0,1.0,1.0
31,2,3,2,4,0.29387260071714827,10,5,6,0.0,0.0,0.0,0.0,0.0,0.0,0.0,1.0,1.0,0.0
39,3,3,1,1,0.15265766715882725,6,2,5,0.0,0.0,0.0,0.0,0.0,0.0,0.0,1.0,0.0,1.0
27,3,3,3,1,0.3376397384518034,9,7,9,0.0,0.0,0.0,0.0,0.0,0.0,0.0,0.0,0.0,0.0
44,3,3,1,3,0.10161358363214512,6,4,6,0.0,0.0,0.0,0.0,0.0,0.0,0.0,1.0,1.0,1.0
45,4,3,1,4,0.06649441046192786,8,3,5,0.0,0.0,0.0,1.0,0.0,0.0,1.0,0.0,0.0,0.0
40,3,2,4,2,0.6588272516346763,22,3,22,0.0,0.0,1.0,0.0,0.0,0.0,0.0,0.0,0.0,0.0
47,3,3,3,2,0.5773043661674753,14,8,13,1.0,0.0,0.0,0.0,1.0,0.0,0.0,0.0,0.0,0.0
34,4,3,1,2,0.06865640160303733,9,2,3,0.0,0.0,0.0,0.0,0.0,0.0,0.0,1.0,0.0,0.0
44,4,3,2,4,0.1862476270828939,20,11,20,0.0,0.0,0.0,0.0,0.0,0.0,0.0,1.0,0.0,0.0
36,1,4,2,1,0.191415313225058,17,7,15,0.0,0.0,0.0,0.0,0.0,0.0,0.0,0.0,0.0,0.0
27,1,1,1,3,0.1904661463826197,3,2,3,1.0,0.0,0.0,1.0,0.0,0.0,0.0,0.0,0.0,0.0
24,1,3,1,2,0.11564016030373339,6,3,5,0.0,1.0,0.0,0.0,0.0,1.0,0.0,1.0,1.0,1.0
39,3,3,3,3,0.5235709765872179,20,6,19,0.0,1.0,1.0,0.0,0.0,0.0,0.0,1.0,0.0,0.0
36,4,2,1,3,0.12544821767559586,2,0,1,0.0,0.0,0.0,0.0,0.0,0.0,0.0,0.0,1.0,1.0
50,3,3,3,4,0.43234549673064754,16,2,2,0.0,0.0,0.0,0.0,0.0,0.0,0.0,1.0,0.0,0.0
41,4,3,4,2,0.7912887576460662,22,10,22,0.0,0.0,0.0,0.0,0.0,0.0,0.0,1.0,0.0,0.0
31,4,3,2,3,0.27262180974477956,10,2,10,0.0,0.0,0.0,0.0,0.0,0.0,0.0,0.0,1.0,1.0
39,3,2,5,4,0.9630352246361528,21,9,21,0.0,0.0,0.0,0.0,0.0,0.0,0.0,0.0,0.0,0.0
44,2,3,1,4,0.0752478380088589,6,3,4,0.0,0.0,0.0,0.0,0.0,0.0,0.0,1.0,1.0,0.0
33,4,2,2,2,0.1745939675174014,5,3,5,0.0,0.0,0.0,0.0,0.0,0.0,0.0,1.0,0.0,0.0
33,3,3,2,3,0.3213984391478591,6,0,5,0.0,0.0,0.0,0.0,0.0,0.0,1.0,0.0,0.0,0.0
37,3,2,2,4,0.2489981016663151,9,2,6,0.0,0.0,1.0,0.0,0.0,0.0,1.0,0.0,0.0,0.0
37,3,3,1,1,0.1288230331153765,17,4,5,0.0,0.0,0.0,1.0,0.0,0.0,0.0,0.0,0.0,0.0
27,3,3,1,1,0.10715039021303523,5,3,4,0.0,0.0,0.0,0.0,0.0,1.0,1.0,0.0,0.0,1.0
29,3,2,1,2,0.08104830204598186,6,2,2,0.0,1.0,0.0,0.0,0.0,0.0,0.0,0.0,0.0,1.0
44,1,2,3,4,0.4871862476270829,24,6,22,0.0,0.0,1.0,0.0,0.0,0.0,0.0,0.0,0.0,0.0
23,1,4,1,1,0.09544399915629614,5,2,3,0.0,0.0,0.0,0.0,0.0,0.0,0.0,0.0,0.0,0.0
43,4,4,1,4,0.05695001054629825,7,4,5,1.0,0.0,0.0,0.0,0.0,0.0,1.0,0.0,0.0,0.0
29,2,3,1,3,0.12286437460451381,10,7,7,0.0,1.0,0.0,1.0,0.0,0.0,1.0,0.0,1.0,1.0
27,4,2,1,1,0.1985340645433453,8,6,7,0.0,0.0,0.0,0.0,0.0,0.0,0.0,0.0,0.0,0.0
46,3,3,3,2,0.33247205230963933,14,7,8,0.0,0.0,0.0,0.0,0.0,0.0,0.0,0.0,0.0,1.0
32,3,3,1,3,0.10699219573929551,8,4,5,0.0,0.0,0.0,0.0,0.0,0.0,0.0,1.0,0.0,0.0
37,1,3,3,2,0.34976798143851506,10,0,10,1.0,0.0,0.0,0.0,0.0,0.0,0.0,1.0,1.0,0.0
30,3,3,2,1,0.10878506644167897,12,9,12,1.0,0.0,0.0,1.0,0.0,0.0,1.0,0.0,0.0,0.0
38,4,2,2,4,0.15919637207340223,8,7,7,0.0,0.0,0.0,0.0,0.0,0.0,0.0,1.0,0.0,0.0
33,4,3,2,4,0.23708078464458976,6,2,6,0.0,0.0,0.0,0.0,0.0,0.0,1.0,0.0,0.0,0.0
43,4,3,2,3,0.24625606412149337,10,7,8,0.0,0.0,0.0,1.0,0.0,0.0,1.0,0.0,1.0,0.0
32,2,3,2,2,0.27478380088588905,10,4,10,0.0,0.0,0.0,0.0,0.0,0.0,0.0,0.0,0.0,0.0
31,2,3,1,3,0.1301413203965408,6,2,5,0.0,0.0,0.0,1.0,0.0,0.0,0.0,0.0,0.0,0.0
52,4,3,2,3,0.11284539126766505,9,2,5,0.0,0.0,0.0,1.0,0.0,0.0,0.0,0.0,0.0,0.0
44,4,4,4,4,0.6491773887365535,23,11,12,0.0,0.0,0.0,0.0,0.0,0.0,0.0,0.0,1.0,0.0
29,1,2,1,4,0.08031006116852984,8,3,4,0.0,0.0,0.0,1.0,0.0,0.0,1.0,0.0,0.0,0.0
33,3,3,1,4,0.0752478380088589,8,4,5,0.0,0.0,0.0,1.0,0.0,0.0,0.0,0.0,1.0,1.0
31,2,1,2,3,0.1871967939253322,4,2,2,0.0,0.0,0.0,0.0,0.0,0.0,0.0,0.0,1.0,1.0
37,2,3,3,4,0.5893271461716937,10,8,10,0.0,0.0,0.0,0.0,1.0,0.0,1.0,0.0,1.0,0.0
38,4,3,1,3,0.12112423539337693,7,0,0,0.0,0.0,0.0,1.0,0.0,0.0,0.0,0.0,0.0,0.0
33,4,3,1,2,0.09212191520776207,8,7,8,0.0,0.0,0.0,0.0,0.0,0.0,0.0,0.0,0.0,0.0
